"","X","acs_col","var_name","universe_col","pretty_name_count","pretty_name_proportion","acs_variable_name_to_interpolate_by_sum_boolean_mapping","year"
"1",700,"B11003_001","total_households_chil_determined","","Total households, number of children determined (count)","",TRUE,"2012-2018"
"2",701,"B11011_001","total_households_units_determined","","Total households, units determined (count)","",TRUE,"2012-2018"
"3",702,"B23025_001","age_16_plus_emp_determined","","Residents 16 years and older, employment status determined (count)","",TRUE,"2012-2018"
"4",703,"B25043_011","renter_occupied_telephone_determined","B25003_001","Renter-occupied households (count)","Percent of housing units that are renter-occupied (percent of all housing units)",TRUE,"2012-2018"
"5",704,"B25070_001","renter_occupied_rent_determined","","Renter-occupied units","",TRUE,"2012-2018"
"6",705,"B23001_001","age_16_plus_emp_sex_determined","","Reidents 16 years and older, employment and sex determined (count)","",TRUE,"2012-2018"
"7",706,"B01001_001","total_pop","","Total Population (count)","",TRUE,"2012-2018"
"8",707,"B01001_002","men","B01001_001","Male residents (count)","Males (proportion of population)",TRUE,"2012-2018"
"9",708,"B01001_003","males_under_5","B01001_002","Male residents under 5 (count)","Male residents under 5 (proportion of all male residents)",TRUE,"2012-2018"
"10",709,"B01001_004","males_5_to_9","B01001_002","Male residents 5 to 9 (count)","Male residents 5 to 9 (proportion of all male residents)",TRUE,"2012-2018"
"11",710,"B01001_005","males_10_to_14","B01001_002","Male residents 10 to 14 (count)","Male residents 10 to 14 (proportion of all male residents)",TRUE,"2012-2018"
"12",711,"B01001_006","males_15_to_17","B01001_002","Male residents 15 to 17 (count)","Male residents 15 to 17 (proportion of all male residents)",TRUE,"2012-2018"
"13",712,"B01001_007","males_18_to_19","B01001_002","Male residents 18 to 19 (count)","Male residents 18 to 19 (proportion of all male residents)",TRUE,"2012-2018"
"14",713,"B01001_008","males_age20","B01001_002","Male residents age 20 (count)","Male residents age 20 (proportion of all male residents)",TRUE,"2012-2018"
"15",714,"B01001_009","males_age21","B01001_002","Male residnets age 21 (count)","Male residents age 21 (proportion of all male residents)",TRUE,"2012-2018"
"16",715,"B01001_010","males_22_to_24","B01001_002","Male residents 22 to 24 (count)","Male residents 22 to 24 (proportion of all male residents)",TRUE,"2012-2018"
"17",716,"B01001_011","males_25_to_29","B01001_002","Male residents 25 to 29 (count)","Male residents 25 to 29 (proportion of all male residents)",TRUE,"2012-2018"
"18",717,"B01001_012","males_30_to_34","B01001_002","Male residents 30 to 34 (count)","Male residents 30 to 34 (proportion of all male residents)",TRUE,"2012-2018"
"19",718,"B01001_013","males_35_to_39","B01001_002","Male residents 35 to 39 (count)","Male residents 35 to 39 (proportion of all male residents)",TRUE,"2012-2018"
"20",719,"B01001_014","males_40_to_44","B01001_002","Male residents 40 to 44 (count)","Male residents 40 to 44 (proportion of all male residents)",TRUE,"2012-2018"
"21",720,"B01001_015","males_45_to_49","B01001_002","Male residents 45 to 49 (count)","Male reidents 45 to 49 (proportion of all male residents)",TRUE,"2012-2018"
"22",721,"B01001_016","males_50_to_54","B01001_002","Male residents 50 to 54 (count)","Male residents 50 to 54 (proportion of all male residents)",TRUE,"2012-2018"
"23",722,"B01001_017","males_55_to_59","B01001_002","Male residents 55 to 59 (count)","Male residents 55 to 59 (proportion of all male residents)",TRUE,"2012-2018"
"24",723,"B01001_018","males_60_to_61","B01001_002","Male residents 60 to 61 (count)","Male residents 60 to 61 (proportion of all male residents)",TRUE,"2012-2018"
"25",724,"B01001_019","males_62_to_64","B01001_002","Male residents 62 to 64 (count)","Male residents 62 to 64 (proportion of all male residents)",TRUE,"2012-2018"
"26",725,"B01001_020","males_65_to_66","B01001_002","Male residents 65 to 66 (count)","Male residents 65 to 66 (proportion of all male residents)",TRUE,"2012-2018"
"27",726,"B01001_021","males_67_to_69","B01001_002","Male residents 67 to 69count)","Male residents 67 to 69 (proportion of all male residents)",TRUE,"2012-2018"
"28",727,"B01001_022","males_70_to_74","B01001_002","Male residents 70 to 74 (count)","Male residents 70 to 74 (proportion of all male residents)",TRUE,"2012-2018"
"29",728,"B01001_023","males_75_to_79","B01001_002","Male residents 75 to 79 (count)","Male residents 75 to 79 (proportion of all male residents)",TRUE,"2012-2018"
"30",729,"B01001_024","males_80_to_84","B01001_002","Male residents 80 to 84 (count)","Male residents 80 to 84 (proportion of all male residents)",TRUE,"2012-2018"
"31",730,"B01001_025","males_85_and_older","B01001_002","Male residents 85 and older (count)","Male residents 85 and older (proportion of all male residents)",TRUE,"2012-2018"
"32",731,"B01001_026","women","B01001_001","Female residents (count)","Female residents (proportion of population)",TRUE,"2012-2018"
"33",732,"B01001_027","females_under_5","B01001_026","Female residents under 5 (count)","Female residents under 5 (proportion of all female residents)",TRUE,"2012-2018"
"34",733,"B01001_028","females_5_to_9","B01001_026","Female residents 5 to 9 (count)","Female residents 5 to 9 (proportion of all female residents)",TRUE,"2012-2018"
"35",734,"B01001_029","females_10_to_14","B01001_026","Female residents 10 to 14 (count)","Female residents 10 to 14 (proportion of all female residents)",TRUE,"2012-2018"
"36",735,"B01001_030","females_15_to_17","B01001_026","Female residents 15 to 17 (count)","Female residents 15 to 17 (proportion of all female residents)",TRUE,"2012-2018"
"37",736,"B01001_031","females_18_to_19","B01001_026","Female residents 18 to 19 (count)","Female residents 18 to 19 (proportion of all female residents)",TRUE,"2012-2018"
"38",737,"B01001_032","females_age20","B01001_026","Female residents age 20 (count)","Female residents age 20 (proportion of all Female residents)",TRUE,"2012-2018"
"39",738,"B01001_033","females_age21","B01001_026","Female residnets age 21 (count)","Female residents age 21 (proportion of all Female residents)",TRUE,"2012-2018"
"40",739,"B01001_034","females_22_to_24","B01001_026","Female residents 22 to 24 (count)","Female residents 22 to 24 (proportion of all Female residents)",TRUE,"2012-2018"
"41",740,"B01001_035","females_25_to_29","B01001_026","Female residents 25 to 29 (count)","Female residents 25 to 29 (proportion of all Female residents)",TRUE,"2012-2018"
"42",741,"B01001_036","females_30_to_34","B01001_026","Female residents 30 to 34 (count)","Female residents 30 to 34 (proportion of all Female residents)",TRUE,"2012-2018"
"43",742,"B01001_037","females_35_to_39","B01001_026","Female residents 35 to 39 (count)","Female residents 35 to 39 (proportion of all Female residents)",TRUE,"2012-2018"
"44",743,"B01001_038","females_40_to_44","B01001_026","Female residents 40 to 44 (count)","Female residents 40 to 44 (proportion of all Female residents)",TRUE,"2012-2018"
"45",744,"B01001_039","females_45_to_49","B01001_026","Female residents 45 to 49 (count)","Female reidents 45 to 49 (proportion of all Female residents)",TRUE,"2012-2018"
"46",745,"B01001_040","females_50_to_54","B01001_026","Female residents 50 to 54 (count)","Female residents 50 to 54 (proportion of all Female residents)",TRUE,"2012-2018"
"47",746,"B01001_041","females_55_to_59","B01001_026","Female residents 55 to 59 (count)","Female residents 55 to 59 (proportion of all Female residents)",TRUE,"2012-2018"
"48",747,"B01001_042","females_60_to_61","B01001_026","Female residents 60 to 61 (count)","Female residents 60 to 61 (proportion of all Female residents)",TRUE,"2012-2018"
"49",748,"B01001_043","females_62_to_64","B01001_026","Female residents 62 to 64 (count)","Female residents 62 to 64 (proportion of all Female residents)",TRUE,"2012-2018"
"50",749,"B01001_044","females_65_to_66","B01001_026","Female residents 65 to 66 (count)","Female residents 65 to 66 (proportion of all Female residents)",TRUE,"2012-2018"
"51",750,"B01001_045","females_67_to_69","B01001_026","Female residents 67 to 69count)","Female residents 67 to 69 (proportion of all Female residents)",TRUE,"2012-2018"
"52",751,"B01001_046","females_70_to_74","B01001_026","Female residents 70 to 74 (count)","Female residents 70 to 74 (proportion of all Female residents)",TRUE,"2012-2018"
"53",752,"B01001_047","females_75_to_79","B01001_026","Female residents 75 to 79 (count)","Female residents 75 to 79 (proportion of all Female residents)",TRUE,"2012-2018"
"54",753,"B01001_048","females_80_to_84","B01001_026","Female residents 80 to 84 (count)","Female residents 80 to 84 (proportion of all Female residents)",TRUE,"2012-2018"
"55",754,"B01001_049","females_85_and_older","B01001_026","Female residents 85 and older (count)","Female residents 85 and older (proportion of all Female residents)",TRUE,"2012-2018"
"56",755,"B01001H_001","non_hisp_white","B01001_001","Non-hispanic white residents (count)","Percent of non-hispanic white residents (proportion of all residents)",TRUE,"2012-2018"
"57",756,"B02001_002","white_alone","B01001_001","White residents (count)","White residents (proportion of all residents)",TRUE,"2012-2018"
"58",757,"B02001_003","black_alone","B01001_001","Black residents (count)","Black residents (proportion of all residents)",TRUE,"2012-2018"
"59",758,"B02001_004","americanindian_or_alaskanative_alone","B01001_001","American Indian or Alaska Native residents (count)","American Indian or Alaska Native residents (proportion of all residents)",TRUE,"2012-2018"
"60",759,"B02001_005","asian_alone","B01001_001","Asian residents (count)","Asian residents (proportion of all residents)",TRUE,"2012-2018"
"61",760,"B02001_006","pacific_islander_alone","B01001_001","Pacific islander residents (count)","Pacific islander residents (proportion of all residents)",TRUE,"2012-2018"
"62",761,"B02001_007","other_race_alone","B01001_001","Other race residents (count)","Other race residents (proportion of all residents)",TRUE,"2012-2018"
"63",762,"B02001_008","two_or_more_races","B01001_001","Two or more race residents (count)","Two or more race residents (proportion of all residents)",TRUE,"2012-2018"
"64",763,"B03002_001","total_pop_ethnicity","","Total population, ethnicity determined","",TRUE,"2012-2018"
"65",764,"B03002_004","nh_black_alone","B03002_001","Non-Hispanic black residents","Percent of non-Hispanic Black residents (proportion of all residents)",TRUE,"2012-2018"
"66",765,"B05001_002","citizen_born_in_states","","Citizens born in US (count)","",TRUE,"2012-2018"
"67",766,"B05001_003","citizen_born_in_territories","","Citizens born in US Territories (count)","",TRUE,"2012-2018"
"68",767,"B05001_004","citizen_born_abroad","","Citizens born abroad (count)","",TRUE,"2012-2018"
"69",768,"B05001_005","citizen_naturalized","","Naturalized citizens (count)","",TRUE,"2012-2018"
"70",769,"B05001_006","non_citizen","","Non-citizens (count)","",TRUE,"2012-2018"
"71",770,"B05012_002","native","","Native born residents (count)","",TRUE,"2012-2018"
"72",771,"B05012_003","foreign_born","","Foreign born residents (count)","",TRUE,"2012-2018"
"73",772,"B06008_001","pop_15_and_over","","Residents aged 15 and older (count)","",TRUE,"2012-2018"
"74",773,"B06008_002","never_married","B06008_001","Never-married residents aged 15 and older (count)","Never-married residents aged 15 and older (proportion of residents aged 15 and older)",TRUE,"2012-2018"
"75",774,"B06008_003","married_not_separated","B06008_001","Married not separated residents (count)","Married not separated residents (proportion of residents aged 15 and older)",TRUE,"2012-2018"
"76",775,"B06008_004","divorced","B06008_001","Divorced residents (count)","Divorced residents (proportion of residents aged 15 and older)",TRUE,"2012-2018"
"77",776,"B06008_005","separated","B06008_001","Married separated residents (count)","Married separated residents (proportion of residents aged 15 and older)",TRUE,"2012-2018"
"78",777,"B06008_006","widowed","B06008_001","Windowed residents (count)","Windowed residents (proportion of residents aged 15 and older)",TRUE,"2012-2018"
"79",778,"B06008_007","born_in_state","B06008_001","Residents born in current state (count)","Residents born in current state (proportion of residents aged 15 and older)",TRUE,"2012-2018"
"80",779,"B06008_013","born_in_other_state","B06008_001","Residents born in another state (count)","Residents born in another state (proportion of residents aged 15 and older)",TRUE,"2012-2018"
"81",780,"B06009_001","pop_25_above","","Population 25 years and older (count)","",TRUE,"2012-2018"
"82",781,"B06009_002","no_hsdiploma","B06009_001","Residents (25+) with less than hs education (count)","Proportion of residents (ages 25+) with less than a high school diploma (proportion of all residents 25 years and older)",TRUE,"2012-2018"
"83",782,"B06012_001","total_pop_poverty_level_deter","","Total population for whom poverty level is determined (count)","",TRUE,"2012-2018"
"84",783,"B06012_002","pop_below_100_poverty_threshold","B06012_001","Population below 100% of the poverty level (count)","Percent of population below 100% of the poverty level (proportion of total population for whome poverty status is determined)",TRUE,"2012-2018"
"85",784,"B06012_003","pop_100_to_149_poverty_threshold","B06012_001","Population at 100 to 149 percent of the poverty level (count","Percent of population at 100 to 149 percent of the poverty level (proportion of total populatoin for whom poverty status is determined)",TRUE,"2012-2018"
"86",785,"B07201_002","same_house_last_year","","People living in the same house they lived last year (count)","",TRUE,"2012-2018"
"87",786,"B07201_004","moved_within_msa","","People moved within the same metropolitan statistical area (count)","",TRUE,"2012-2018"
"88",787,"B07201_014","moved_from_abroad","","People moved from abroad (count)","",TRUE,"2012-2018"
"89",788,"B08006_001","workers_over_15","","Workers aged 15 and older (count)","",TRUE,"2012-2018"
"90",789,"B08006_003","drive_alone_commuters","B08006_001","Drive alone commuters (count)","Drive alone commuters (proportion of employed residents aged 15 and older)",TRUE,"2012-2018"
"91",790,"B08006_004","carpool_commuters","B08006_001","Carpool commuters (count)","Carpool commuters (proportion of employed residents aged 15 and older)",TRUE,"2012-2018"
"92",791,"B08006_008","transit_commuters","B08006_001","Transit commuters (count)","Transit commuters (proportion of employed residents aged 15 and older)",TRUE,"2012-2018"
"93",792,"B08006_014","bike_commuters","B08006_001","Bicycle commuters (count)","Bicycle commuters (proportion of employed residents aged 15 and older)",TRUE,"2012-2018"
"94",793,"B08006_015","walk_commuters","B08006_001","Walking commuters (count)","Walking commuters (proportion of employed residents aged 15 and older)",TRUE,"2012-2018"
"95",794,"B08006_016","other_commuters","B08006_001","Other mode commuters (count)","Other mode commuters (proportion of employed residents aged 15 and older)",TRUE,"2012-2018"
"96",795,"B08006_017","work_at_home","B08006_001","Work at home (count)","Work at home (proportion of employed residents aged 15 and older)",TRUE,"2012-2018"
"97",796,"B08302_002","start_commute_before_5am","B08006_001","Start commute before 5 am (count)","Start commute before 5 am (proportion of employed residents aged 15 and older)",TRUE,"2012-2018"
"98",797,"B08302_003","commute_start_5_530","B08006_001","Start commute between 5:00 and 5:30 am (count)","Start commute between 5:00 and 5:30 am (proportion of employed residents aged 15 and older)",TRUE,"2012-2018"
"99",798,"B08302_004","commute_start_530_6","B08006_001","Start commute between 5:30 and 6:00 am (count)","Start commute between 5:30 and 6:00 am (proportion of employed residents aged 15 and older)",TRUE,"2012-2018"
"100",799,"B08302_005","commute_start_6_630","B08006_001","Start commute between 6:00 and 6:30 am (count)","Start commute between 6:00 and 6:30 am (proportion of employed residents aged 15 and older)",TRUE,"2012-2018"
"101",800,"B08302_006","commute_start_630_7","B08006_001","Start commute between 6:30 and 7:00 am (count)","Start commute between 6:30 and 7:00 am (proportion of employed residents aged 15 and older)",TRUE,"2012-2018"
"102",801,"B08302_007","commute_start_7_730","B08006_001","Start commute between 7:00 and 7:30 am (count)","Start commute between 7:00 and 7:30 am (proportion of employed residents aged 15 and older)",TRUE,"2012-2018"
"103",802,"B08302_008","commute_start_730_8","B08006_001","Start commute between 7:30 and 8:00 am (count)","Start commute between 7:30 and 8:00 am (proportion of employed residents aged 15 and older)",TRUE,"2012-2018"
"104",803,"B08302_009","commute_start_8_830","B08006_001","Start commute between 8:00 and 8:30 am (count)","Start commute between 8:00 and 8:30 am (proportion of employed residents aged 15 and older)",TRUE,"2012-2018"
"105",804,"B08302_010","commute_start_830_9","B08006_001","Start commute between 8:30 and 9:00 am (count)","Start commute between 8:30 and 9:00 am (proportion of employed residents aged 15 and older)",TRUE,"2012-2018"
"106",805,"B08302_011","commute_start_9_10","B08006_001","Start commute between 9:00 and 10:00 am (count)","Start commute between 9:00 and 10:00 am (proportion of employed residents aged 15 and older)",TRUE,"2012-2018"
"107",806,"B08302_012","commute_start_10_11","B08006_001","Start commute between 10:00 and 11:00 am (count)","Start commute between 10:00 and 11:00 am (proportion of employed residents aged 15 and older)",TRUE,"2012-2018"
"108",807,"B08302_013","commute_start_11_12","B08006_001","Start commute between 11:00 am and 12:00 pm (count)","Start commute between 11:00 am and 12:00 pm (proportion of employed residents aged 15 and older)",TRUE,"2012-2018"
"109",808,"B08302_014","commute_start_12_4pm","B08006_001","Start commute between 12:00 and 4:00 pm (count)","Start commute between 12:00 and 4:00 pm (proportion of employed residents aged 15 and older)",TRUE,"2012-2018"
"110",809,"B08302_015","commute_start_4pm_on","B08006_001","Start commute between after 4:00 pm (count)","Start commute between after 4:00 pm (proportion of employed residents aged 15 and older)",TRUE,"2012-2018"
"111",810,"B11003_009","living_alone_male","B11003_001","Male householder living alone (count)","Percent of males living alone (Proportion of all households)",TRUE,"2012-2018"
"112",811,"B11003_010","male_head_kids","B11003_001","Male householder, no spouse or partner, with kids under 18 years (count)","Percent of male householder, no spouse or partner, with kids under 18 years (proportion of all households)",TRUE,"2012-2018"
"113",812,"B11003_015","living_alone_female","B11003_001","Female householder, no spouse or partner (count)","Percent of female householders with no spouse or partner (proportin of all households)",TRUE,"2012-2018"
"114",813,"B11003_016","female_head_kids","B11003_001","Female householders, no spouse or partner, with own children under 18 (count)","Percent of female householders, no spouse or partner, with own children under 18 (percent of households)",TRUE,"2012-2018"
"115",814,"B11004_001","total_families","","Total families (count)","",TRUE,"2012-2018"
"116",815,"B11004_010","male_head_relatedkids","B11004_001","Male householder living alone with related kids under 18 (count)","Percent of male householders with related kids under 18 (proportion of all families)",TRUE,"2012-2018"
"117",816,"B11004_016","female_head_relatedkids","B11004_001","Female householder living alone with related kids under 18 (count)","Percent of female householders with related kids under 18 (proportion of all families)",TRUE,"2012-2018"
"118",817,"B11010_001","total_nonfamily_households","","Total nonfamily households (count)","",TRUE,"2012-2018"
"119",818,"B11010_003","male_householder_alone","B11010_001","Male householder, living alone","",TRUE,"2012-2018"
"120",819,"B11010_010","female_householder_alone","B11010_001","Female householder, living alone (count)","",TRUE,"2012-2018"
"121",820,"B15002_002","male_pop_25_and_over","","Male Residents aged 25 and older (count)","",TRUE,"2012-2018"
"122",821,"B15002_011","male_high_school_grad","B15002_002","Male residents aged 25 and older who graduated from high school (count)","Male residents aged 25 and older who graduated from high school (proportion of male residents aged 25 and older)",TRUE,"2012-2018"
"123",822,"B15002_015","male_bachelors_degree","B15002_002","Male residents aged 25 and older with a bachelor's degree (count)","Male residents aged 25 and older with a bachelor's degree (proportion of male residents aged 25 and older)",TRUE,"2012-2018"
"124",823,"B15002_019","female_pop_25_and_over","","Male Residents aged 25 and older (count)","",TRUE,"2012-2018"
"125",824,"B15002_028","female_high_school_grad","B15002_019","Male residents aged 25 and older who graduated from high school (count)","Male residents aged 25 and older who graduated from high school (proportion of male residents aged 25 and older)",TRUE,"2012-2018"
"126",825,"B15002_032","female_bachelors_degree","B15002_019","Male residents aged 25 and older with a bachelor's degree (count)","Male residents aged 25 and older with a bachelor's degree (proportion of male residents aged 25 and older)",TRUE,"2012-2018"
"127",826,"B15003_001","pop_25_and_over","","Residents aged 25 and older (count)","",TRUE,"2012-2018"
"128",827,"B15003_002","no_education","B15003_001","Residents with no education (count)","Residents with no education (proportion of residents aged 25 and older)",TRUE,"2012-2018"
"129",828,"B15003_003","pre_school","B15003_001","Residents with pre-school education (count)","Residents with pre-school education (proportion of residents aged 25 and older)",TRUE,"2012-2018"
"130",829,"B15003_004","kindergarten","B15003_001","Residents with kingdergarten education (count)","Residents with kingdergarten education (proportion of residents aged 25 and older)",TRUE,"2012-2018"
"131",830,"B15003_005","first_grade","B15003_001","Residents with first grade education (count)","Residents with first grade education (proportion of residents aged 25 and older)",TRUE,"2012-2018"
"132",831,"B15003_006","second_grade","B15003_001","Residents with second grade education (count)","Residents with second grade education (proportion of residents aged 25 and older)",TRUE,"2012-2018"
"133",832,"B15003_007","third_grade","B15003_001","Residents with third grade education (count)","Residents with third grade education (proportion of residents aged 25 and older)",TRUE,"2012-2018"
"134",833,"B15003_008","fourth_grade","B15003_001","Residents with fourth grade education (count)","Residents with fourth grade education (proportion of residents aged 25 and older)",TRUE,"2012-2018"
"135",834,"B15003_009","fifth_grade","B15003_001","Residents with fifth grade education (count)","Residents with fifth grade education (proportion of residents aged 25 and older)",TRUE,"2012-2018"
"136",835,"B15003_010","sixth_grade","B15003_001","Residents with sixth grade education (count)","Residents with sixth grade education (proportion of residents aged 25 and older)",TRUE,"2012-2018"
"137",836,"B15003_011","seventh_grade","B15003_001","Residents with seventh grade education (count)","Residents with seventh grade education (proportion of residents aged 25 and older)",TRUE,"2012-2018"
"138",837,"B15003_012","eighth_grade","B15003_001","Residents with eighth grade education (count)","Residents with eighth grade education (proportion of residents aged 25 and older)",TRUE,"2012-2018"
"139",838,"B15003_013","ninth_grade","B15003_001","Residents with ninth grade education (count)","Residents with ninth grade education (proportion of residents aged 25 and older)",TRUE,"2012-2018"
"140",839,"B15003_014","tenth_grade","B15003_001","Residents with tenth grade education (count)","Residents with tenth grade education (proportion of residents aged 25 and older)",TRUE,"2012-2018"
"141",840,"B15003_015","eleventh_grade","B15003_001","Residents with eleventh grade education (count)","Residents with eleventh grade education (proportion of residents aged 25 and older)",TRUE,"2012-2018"
"142",841,"B15003_016","twelfth_grade_no_diploma","B15003_001","Residents with twelfth grade education (count)","Residents with twelfth grade education (proportion of residents aged 25 and older)",TRUE,"2012-2018"
"143",842,"B15003_017","high_school_grad","B15003_001","Residents with high school graduation education (count)","Residents with high school graduation education (proportion of residents aged 25 and older)",TRUE,"2012-2018"
"144",843,"B15003_018","ged_or_alt_diploma","B15003_001","Residents with GED or Alt diploma (count)","Residents with GED or Alt diploma (proportion of residents aged 25 and older)",TRUE,"2012-2018"
"145",844,"B15003_019","some_college_less_than_1_year","B15003_001","Residents with some college education of less than 1 year (count)","Residents with some college education of less than 1 year (proportion of residents aged 25 and older)",TRUE,"2012-2018"
"146",845,"B15003_020","some_college_1_year_or_more","B15003_001","Residents with some college education of greater or equal to 1 year (count)","Residents with some college education of greater or equal to 1 year (proportion of residents aged 25 and older)",TRUE,"2012-2018"
"147",846,"B15003_021","associates_degree","B15003_001","Residents with associates degrees (count)","Residents with associates degrees (proportion of residents aged 25 and older)",TRUE,"2012-2018"
"148",847,"B15003_022","bachelors_degree","B15003_001","Residents with bachelors degrees (count)","Residents with bachelors degrees (proportion of residents aged 25 and older)",TRUE,"2012-2018"
"149",848,"B15003_023","masters_degree","B15003_001","Residents with masters degrees (count)","Residents with masters degrees (proportion of residents aged 25 and older)",TRUE,"2012-2018"
"150",849,"B15003_024","professional_degree","B15003_001","Residents with professional degrees (count)","Residents with professional degrees (proportion of residents aged 25 and older)",TRUE,"2012-2018"
"151",850,"B15003_025","doctoral_degree","B15003_001","Residents with doctoral degrees (count)","Residents with doctoral degrees (proportion of residents aged 25 and older)",TRUE,"2012-2018"
"152",851,"B16005_001","total_ages_5_up","","Population 5 years and over","",TRUE,"2012-2018"
"153",852,"B16005_004","native_born_spanish","","Native born persons (ages 5+) who speak Spanish (count)","",TRUE,"2012-2018"
"154",853,"B16005_007","ntv_sp_lmt_eng_notwell","B16005_004","Native-born persons (age 5+) who speak Spanish and who spead English 'not well' (count)","Percent of native-born persons (age 5+) who speak Spanish and speak English 'not well' (proportion of all native-born persons (ages 5) who speak Spanish)",TRUE,"2012-2018"
"155",854,"B16005_008","ntv_sp_lmt_eng_notatall","B16005_004","Native-born persons (age 5+) who speak Spanish and who speak English 'not at all' (count)","Percent of native-born persons (age 5+) who speak Spanish and speak English 'not at all' (proportion of all native-born persons (ages 5+) who speak Spanish)",TRUE,"2012-2018"
"156",855,"B16005_009","native_born_indo_europe","","Native born persons (ages 5+) who speak Indo-European languages (count)","",TRUE,"2012-2018"
"157",856,"B16005_012","ntv_ie_lmt_eng_notwell","B16005_009","Native-born persons (age 5+) who speak Indo-European languages and speak English not well (count)","Percent of native born persons (age 5+) who speak Indo-European languages and speak English 'not well' (proportion of all persons (ages 5+) who speak Indo-European languages)",TRUE,"2012-2018"
"158",857,"B16005_013","ntv_ie_lmt_eng_notatall","B16005_009","Native-born persons (age 5+) who speak Indo-European languages and speak English not at all (count)","Percent of native born persons (age 5+) who speak Indo-European languages and speak English 'not at all' (proportion of all persons (ages 5+) who speak Indo-European languages)",TRUE,"2012-2018"
"159",858,"B16005_014","native_born_asian_pi","","Native born persons (ages 5+) who speak Asian and Pacific Islander languages (count)","",TRUE,"2012-2018"
"160",859,"B16005_017","ntv_api_lmt_en_notwell","B16005_014","Native-born persons (age 5+) who speak Asian and Pacific Island languages and speak English 'not well' (count)","Percent of native born persons (age 5+) who speak Asian and Pacific Islander languages and speak English 'not well' (proportion of all native born persons (ages 5+) who speak Asian and Pacific Islander languages)",TRUE,"2012-2018"
"161",860,"B16005_018","ntv_api_lmt_en_notatall","B16005_014","Native-born persons (age 5+) who speak Asian and Pacific Island languages and speak English 'not at all' (count)","Percent of native-born persons (age 5+) who speak Asian and Pacific Island languages and speak English 'not at all' (proportion of native-born persons (ages 5+) who speak Asian and Pacific Islander languages)",TRUE,"2012-2018"
"162",861,"B16005_019","native_born_other","","Native born persons (ages 5+) who speak other languages (count)","",TRUE,"2012-2018"
"163",862,"B16005_022","ntv_oth_lmt_en_notwell","B16005_019","Native-born persons (age 5+) who speak other languages and speak English 'not well' (count)","Percent , native-born persons (age 5+) who speak other languages and speak English 'not well' (proportion of native-born persons (ages 5+) who speak other languages)",TRUE,"2012-2018"
"164",863,"B16005_023","ntv_oth_lmt_en_notatall","B16005_019","Native-born persons (age 5+) who speak other languages and speak English 'not at all' (count)","Percent of native-born persons (age 5+) who speak other languages and speak English 'not at all' (proportin of native-born persons (ages 5+) who speak other languages)",TRUE,"2012-2018"
"165",864,"B16005_024","total_foreign_born","B16005_001","Total foreign born population ages 5+ (count)","Percent of foreign born persons (proportion of all resdients ages 5 and older)",TRUE,"2012-2018"
"166",865,"B16005_026","total_fb_spanish","B16005_024","Total foreign born population (ages 5+) who speak Spanish (count)","Percent of foreign born persons (age 5+) who speak spanish (proportion of all foreign born population ages 5+)",TRUE,"2012-2018"
"167",866,"B16005_029","fb_sp_lmt_eng_notwell","B16005_026","Foreign-born persons (age 5+) who speak Spanish and who spead English 'not well' (count)","Percent of foreign-born persons (age 5+) who speak Spanish and who spead English 'not well' (proportion of foreign-born persons (ages 5+) who speak Spanish)",TRUE,"2012-2018"
"168",867,"B16005_030","fb_sp_lmt_eng_notatall","B16005_026","Foreign-born persons (age 5+) who speak Spanish and who speak English 'not at all' (count)","Percent of foreign-born persons (age 5+) who speak Spanish and who speak English 'not at all' (proportion of foreign-born persons (ages 5+) who speak Spanish)",TRUE,"2012-2018"
"169",868,"B16005_031","total_tb_indo_europe","B16005_024","Total foreign born population (ages 5+) who speak Indo-Eropean languages (count)","Percent of foreign born persons (age 5+) who speak Indo-Eropean languages (proportion of all foreign born population)",TRUE,"2012-2018"
"170",869,"B16005_034","fb_ie_lmt_eng_notwell","B16005_031","Foreign-born persons (age 5+) who speak Indo-European languages and speak English not well (count)","Percent of foreign-born persons (age 5+) who speak Indo-European languages and speak English 'not well' (proportion of foreign-born persons (ages 5+) who speak Indo-European languages)",TRUE,"2012-2018"
"171",870,"B16005_035","fb_ie_lmt_eng_notatall","B16005_031","Foreign-born persons (age 5+) who speak Indo-European languages and speak English not at all (count)","Percent of foreign-born persons (age 5+) who speak Indo-European languages and speak English 'not at all' (Proportion of foreign-born persons who speak Indo-European languages)",TRUE,"2012-2018"
"172",871,"B16005_036","total_fb_asian_pi","B16005_024","Total foreign born population (ages 5+) who speak Asian and Pacific Island languages (count)","Percent of total foreign born population (ages 5+) who speak Asian and Pacific Island languages (Proportio nof all foreign born population ages 5+)",TRUE,"2012-2018"
"173",872,"B16005_039","fb_api_lmt_en_notwell","B16005_036","Foreign-born persons (age 5+) who spead Asian and Pacific Island languages and speak English 'not well' (count)","Percent of foreign-born persons (age 5+) who speak Asian and Pacific Island languages and speak English 'not well' (proportion of foreign-born persons (ages 5+) who speak Asian and Pacific Islander languages)",TRUE,"2012-2018"
"174",873,"B16005_040","fb_api_lmt_en_notatall","B16005_036","Foreign-born persons (age 5+) who speak Asian and Pacific Island languages and speak English 'not at all' (count)","Percent of foreign-born persons (age 5+) who speak Asian and Pacific Island languages and speak English 'not at all' (proportion of foreign-born persons (ages 5+) who speak Asian and Pacific Islander languages)",TRUE,"2012-2018"
"175",874,"B16005_041","total_fb_other","B16005_024","Total foreign born population (ages 5+) who speak other languages (count)","Percent of total foreign born population (ages 5+) who speak other languages (Proportio nof all foreign born population ages 5+)",TRUE,"2012-2018"
"176",875,"B16005_044","fb_oth_lmt_en_notwell","B16005_041","Foreign-born persons (age 5+) who speak other languages and speak English 'not well' (count)","Percent of foreign-born persons (age 5+) who speak other languages and speak English 'not well' (proportion of foreign-born persons (ages 5+) who speak other languages)",TRUE,"2012-2018"
"177",876,"B16005_045","fb_oth_lmt_en_notatall","B16005_041","Foreign-born persons (age 5+) who speak other languages and speak English 'not at all' (count)","Percent of foreign-born persons (age 5+) who speak other languages and speak English 'not at all' (proportion of foreign-born persons (ages 5+) who speak other languages)",TRUE,"2012-2018"
"178",877,"B17001_001","total_poverty_determined","","Total population, poverty status is determined (count)","",TRUE,"2012-2018"
"179",878,"B17001_002","below_pov","B17001_001","Residents with income in the past 12 months below poverty level (Count)","Percent of residents with income in the past 12 months below poverty level (Proportion of all Residents for whom poverty status is determined)",TRUE,"2012-2018"
"180",879,"B17012_001","households","","Total number of households, poverty status determined","",TRUE,"2012-2018"
"181",880,"B17012_002","households_in_poverty","B17012_001","Households in poverty (count)","Percent of households in poverty (proportion of all households)",TRUE,"2012-2018"
"182",881,"B17023_001","total_pop_poverty","","Total population of families, poverty status is determined (count)","",TRUE,"2012-2018"
"183",882,"B17023_002","fam_below_poverty","B17023_001","Families below the povery level (count)","Percent of families below the povery level (proportion of all families)",TRUE,"2012-2018"
"184",883,"B18101_001","civilian_pop","","Total civilian uninstitutionalized population (count)","",TRUE,"2012-2018"
"185",884,"B18101_002","non_inst_males","","Civilian uninstitutionalized males (count)","Percent of civilian uninstutionalized males (proportion of all civilian uninstitutionalized population)",TRUE,"2012-2018"
"186",885,"B18101_003","non_inst_males_under_5","B18101_002","Civilian uninstitutionalized males ages under 5 (count)","Percent of noninstitutionalized males under 5 (proportion of all noninstitutionalized males)",TRUE,"2012-2018"
"187",886,"B18101_004","males_under5_disability","B18101_003","Males under 5 with a disability (count)","Percent of males under 5 with a disability (proportion of all males under 5)",TRUE,"2012-2018"
"188",887,"B18101_006","non_inst_males_5_to_17","B18101_002","Civilian uninstitutionalized males ages 5 to 17 (count)","Percent of civilian noninstitutionalized males ages 5 to 17 (proportion of all noninstitutionalized males)",TRUE,"2012-2018"
"189",888,"B18101_007","males_5_17_disability","B18101_006","Males 5-17 with a disability (count)","Percent of males 5-17 with a disability (proportion of all males 5-17)",TRUE,"2012-2018"
"190",889,"B18101_009","non_inst_males_18_to_34","B18101_002","Civilian uninstitutionalized males ages 18 to 34 (count)","Percent of civilian noninstitutionalized males ages 18 to 34 (proportion of all noninstitutionalized males)",TRUE,"2012-2018"
"191",890,"B18101_010","males_18_34_disability","B18101_009","Males 18-34 with a disability (count)","Percent of males 18-34 with a disability (proportion of all males 18-34)",TRUE,"2012-2018"
"192",891,"B18101_012","non_inst_males_35_to_64","B18101_002","Civilian uninstitutionalized males ages 35 to 64 (count)","Percent of civilian noninstitutionalized males ages 35 to 64 (proportion of all noninstitutionalized males)",TRUE,"2012-2018"
"193",892,"B18101_013","males_35_64_disability","B18101_012","Males 35-64 with a disability (count)","Percent of males 35-64 with a disability (proportion of all males 35-64)",TRUE,"2012-2018"
"194",893,"B18101_015","non_inst_males_65_to_74","B18101_002","Civilian uninstitutionalized males ages 65 to 74 (count)","Percent of civilian noninstitutionalized males ages 65 to 74 (proportion of all noninstitutionalized males)",TRUE,"2012-2018"
"195",894,"B18101_016","males_65_74_disability","B18101_015","Males 65-74 with a disability (count)","Percent of males 65-74 with a disability (proportion of all males 65-74)",TRUE,"2012-2018"
"196",895,"B18101_018","non_inst_males_75_and_older","B18101_002","Civilian uninstitutionalized males ages 75 and older (count)","Percent of civilian noninstitutionalized males ages 75 and older (proportion of all noninstitutionalized males)",TRUE,"2012-2018"
"197",896,"B18101_019","males_75_plus_disability","B18101_018","Males 75 and older with a disability (count)","Percent of males 75 and older with a disability (proportion of all males 75 and older)",TRUE,"2012-2018"
"198",897,"B18101_021","females_pop","B18101_001","Civilian uninstitutionalized females (count)","Percent of civilian uninstitutionalized females (proportion of all civilian unstinstitutionalized persons)",TRUE,"2012-2018"
"199",898,"B18101_022","noninst_females_under_5","B18101_021","Total civilian uninstitutionalized female population under 5 years (count)","Percent of civilian uninstitutionalized females under 5 (proportion of all civilian uninstutionalized persons)",TRUE,"2012-2018"
"200",899,"B18101_023","females_under5_disability","B18101_022","Females under 5 with a disability (count)","Percent of females under 5 with a disability (Proportion of all females under 5)",TRUE,"2012-2018"
"201",900,"B18101_025","females_5_to_17","B18101_021","Total civilian uninstitutionalized female population ages 5 to 17 (count)","Percent of total civilian uninstitutionalized female population ages 5 to 17 (proportion of all uninstitutionalized civilian females)",TRUE,"2012-2018"
"202",901,"B18101_026","females_5_17_disability","B18101_025","Females 5-17 with a disability (count)","Percent of females 5-17 with a disability (proportion of all uninstitutionalized civilian females 5 to 17)",TRUE,"2012-2018"
"203",902,"B18101_028","females_18_to_34","B18101_021","Total civilian uninstitutionalized female population ages 18 to 34 (count)","Percent of total civilian uninstitutionalized female population ages 18 to 34 (proportion of total civilian uninstitutionalized population)",TRUE,"2012-2018"
"204",903,"B18101_029","females_18_34_disability","B18101_028","Females 18-34 with a disability (count)","Percent of females 18-34 with a disability (proportion of all females 18 to 34)",TRUE,"2012-2018"
"205",904,"B18101_031","females_35_to_64","B18101_021","Total civilian uninstitutionalized female population ages 35 to 64 (count)","Percent of total civilian uninstitutionalized female population ages 35 to 64 (proportion of total civilian uninstitutionalized population)",TRUE,"2012-2018"
"206",905,"B18101_032","females_35_64_disability","B18101_031","Females 35-64 with a disability (count)","Percent of females 35-64 with a disability (proportion of all females 35 to 64)",TRUE,"2012-2018"
"207",906,"B18101_034","noninst_females_65_to_74","B18101_021","Total civilian uninstitutionalized female population ages 65 to 74 (count)","",TRUE,"2012-2018"
"208",907,"B18101_035","females_65_74_disability","B18101_034","Females 65-74 with a disability (count)","Percent of females 65-74 with a disability (proportion of all females 65-74)",TRUE,"2012-2018"
"209",908,"B18101_037","females_75_older_dis_determined","B18101_021","Total civilian uninstitutionalized female population ages 75 and older (count)","Percent of total females that are 75 year and older",TRUE,"2012-2018"
"210",909,"B18101_038","females_75_plus_disability","B18101_037","Females 75 and older with a disability (count)","Percent of females 75 and older with a disability (proporption of all females 75 and older)",TRUE,"2012-2018"
"211",910,"B19001_001","households_income_determined","","Total housedholds, income determined","",TRUE,"2012-2018"
"212",911,"B19001_002","hhincome_less_than_10k","B19001_001","Households with income of less than 10,000 (count)","",TRUE,"2012-2018"
"213",912,"B19001_003","household_income_10_14k","B19001_001","Households earning $10,000 to 14,999 (count)","Percent of households earning $10,000 to $14,999 (proportion of all housedholds)",TRUE,"2012-2018"
"214",913,"B19001_004","household_income_15_19k","B19001_001","Households earning $15,000 to 19,999 (count)","Percent of households earning $15,000 to $19,999 (proportion of all households)",TRUE,"2012-2018"
"215",914,"B19001_005","household_income_20_24k","B19001_001","Households earning $20,000 to 24,999 (count)","Percent of households earning $20,000 to $24,999 (proportion of all households)",TRUE,"2012-2018"
"216",915,"B19001_006","household_income_25_29k","B19001_001","Households earning $25,000 to $29,999 (count)","Percent of households earning $25,000 to $29,999 (proportion of all households)",TRUE,"2012-2018"
"217",916,"B19001_011","hhincome_50k_to_59k","B19001_001","Households with income of 50,000 to 59,999 (count)","Percent of households earning $50,000 to 59,999 (proportion of all households)",TRUE,"2012-2018"
"218",917,"B19001_012","hhincome_60k_to_74k","B19001_001","Households with income of 60,000 to 74,999 (count)","Percent of households earning $60,000 to 74,999 (proportion of all households)",TRUE,"2012-2018"
"219",918,"B19001_013","hhincome_75k_to_99k","B19001_001","Households with income of 75,000 to 99,999 (count)","Percent of households earning $75,000 to $99,999 (proportion of all households)",TRUE,"2012-2018"
"220",919,"B19001_014","hhincome_100k_to_124k","B19001_001","Households with income of 100,000 to 124,999 (count)","Percent of households earning $100,000 to 124,999 (proportion of all households)",TRUE,"2012-2018"
"221",920,"B19001_015","hhincome_125k_to_149k","B19001_001","Households with income of 125,000 to 149,999(count)","Percent of households earning $125,000 to 149,999 (proportion all households)",TRUE,"2012-2018"
"222",921,"B19001_016","hhincome_150k_to_199k","B19001_001","Households with income of 150,000 to 199,999 (count)","Percent of households earning $150,000 to 199,999 (proportion of all households)",TRUE,"2012-2018"
"223",922,"B19001_017","hhincome_200k_or_more","B19001_001","Households with income of 200,000 or more (count)","Percent of households earning $200,000 (proportion of all households)",TRUE,"2012-2018"
"224",923,"B19013_001","med_hincome","","Median Household Income (dollars)","",FALSE,"2012-2018"
"225",924,"B19054_001","total_receive_idr","","Total population, receipt of interest, dividends, or net rental income is determined (count)","",TRUE,"2012-2018"
"226",925,"B19054_002","receive_idr","B19054_001","Households receiving dividends, interest, or rental income (count)","Percent of households receiving dividends, interest, or rental income (Proportion of all households)",TRUE,"2012-2018"
"227",926,"B19058_001","total_public_asst","","Total population, public assistance status is determined","",TRUE,"2012-2018"
"228",927,"B19058_002","public_asst","B19058_001","Households receiving public assistance (count)","Percent of households receiving public assistance (proportion of all households)",TRUE,"2012-2018"
"229",928,"B19301_001","per_capita_income","","Mean per capita income","",FALSE,"2012-2018"
"230",929,"B23025_005","unemployed","B23025_001","Residents 16 and older who are unemployed (count)","Percent of residents 16 and older who are unemployed (proportion of all residents 16 and over)",TRUE,"2012-2018"
"231",930,"B25001_001","housing_units","","Housing units (count)","",TRUE,"2012-2018"
"232",931,"B25002_001","total_housing_units_occ","","Housing units (count)","",TRUE,"2012-2018"
"233",932,"B25002_003","vacant_units","B25002_001","Housing units that are vacant","Percent of housing units that are vacant (proportion of all housing units)",TRUE,"2012-2018"
"234",933,"B25003_001","occupied_units","B25002_001","Housing units that are occupied (count)","Percent of housing units that are occupied (Proportion of all housing units)",TRUE,"2012-2018"
"235",934,"B25003_002","owner_occupied_units","B25003_001","Housing units that are owner-occupied (count)","Percent of housing units that are owner-occupied (proportion of all occupied housing units)",TRUE,"2012-2018"
"236",935,"B25014_001","total_occupied_housing_units_room","","Occupied housing units, rooms determined (count)","",TRUE,"2012-2018"
"237",936,"B25014_002","total_owner_occ_housing_units_rooms","B25014_001","Owner occupied housing unit, rooms determined (count)","Percent of owner occupied housing, rooms determined (proportion of all occupied housing, rooms determined)",TRUE,"2012-2018"
"238",937,"B25014_005","owner_1.01_to_1.5_per_room","B25014_002","Owner-occupied households with 1.01 to 1.5 people per room (count)","Percent of owner-occupied households with 1.01 to 1.5 people per room (proportion of all owner-occupied housing that is currently occuped)",TRUE,"2012-2018"
"239",938,"B25014_006","owner_1.51_to_2.0_per_room","B25014_002","Owner-occupied households with 1.51 to 2.0 people per room (count)","Percent of owner-occupied households with 1.51 to 2.0 people per room (proportion of owner-occupied housing)",TRUE,"2012-2018"
"240",939,"B25014_007","owner_2.01_or_more_per_room","B25014_002","Owner occupied households with 2.01 or more people per room (count)","Percent of owner occupied households with 2.01 or more people per room (proportion of all owner-occupied housing)",TRUE,"2012-2018"
"241",940,"B25014_008","total_renter_occ_units_rooms","","Total renter occupied units, rooms determined (count)","",TRUE,"2012-2018"
"242",941,"B25014_011","renter_1.01_to_1.5_per_room","B25014_008","Renter-occuped households with 1.01 to 1.5 people per room (count)","Percent of renter-occuped households with 1.01 to 1.5 people per room (Proportion of all renter-occupied housing)",TRUE,"2012-2018"
"243",942,"B25014_012","renter_1.51_to_2.0_per_room","B25014_008","Renter-occupied households with 1.51 to 2.0 people per room (count)","Percent of renter-occupied households with 1.51 to 2.0 people per room (proportion of all renter-occupied housing)",TRUE,"2012-2018"
"244",943,"B25014_013","renter_2.01_or_more_per_room","B25014_008","Renter-occupied ouseholds with 2.01 or more people per room (count)","Renter-occupied households with 2.01 or more people per room (proportion of all renter-occupied housing)",TRUE,"2012-2018"
"245",944,"B25016_001","total_occupied_housing_units_plumb","","Occupied housing units, plumbing determined (count)","",TRUE,"2012-2018"
"246",945,"B25016_007","no_comp_plumb_owner","B25016_001","Owner-occupied households without complete plumbing (count)","Percent of owner-occupied households without complete plumbing  (proportion of all households)",TRUE,"2012-2018"
"247",946,"B25016_016","no_comp_plumb_renter","B25016_001","Renter-occupied households without complete plumbing (count)","Percent of renter-occupied households without complete plumbing (proportion of all households)",TRUE,"2012-2018"
"248",947,"B25024_001","total_housing_units_count_in_structure","","Housing units, units in strutcure determined (count)","",TRUE,"2012-2018"
"249",948,"B25024_007","units_10_to_19","B25024_001","Total housing structures with 10 to 19 units (count)","Percent of total housing structures with 10 to 19 units (proportion of all housing strutcures)",TRUE,"2012-2018"
"250",949,"B25024_008","units_20_to_49","B25024_001","Total housing structures with 20 to 49 units (count)","Percent of total housing structures with 20 to 49 units (proportion of all housing strutcures)",TRUE,"2012-2018"
"251",950,"B25024_009","units_50_ormore","B25024_001","Total housing structures with 50 or more units (count)","Percent of total housing sof tructures with 50 or more units (proportion of all housing strutcures)",TRUE,"2012-2018"
"252",951,"B25024_010","mobile_homes","B25024_001","Total mobile homes (count)","Percent of mobile homes (proportion of all housing structures)",TRUE,"2012-2018"
"253",952,"B25038_002","owner_occ_tenure","","Owner occupied housing, tenure determined","",TRUE,"2012-2018"
"254",953,"B25038_007","owner_occ_moved_in_1999_to_1990","B25038_002","Owner occupied households who moved in 1990 to 1999 (count)","Percent of owner occupied households who moved in 1990 to 1999 (proportion of all owner occupied housing)",TRUE,"2012-2018"
"255",954,"B25038_008","owner_occ_moved_in_1989_earlier","B25038_002","Owner occupied households who moved in 1989 or earlier (count)","Percent of owner occupied households who moved in 1989 or earlier (proportion of all owner occupied housing)",TRUE,"2012-2018"
"256",955,"B25038_009","renter_occ_tenure","","Renter occupied households, tenure determined","",TRUE,"2012-2018"
"257",956,"B25038_014","renter_occ_moved_in_1999_to_1990","B25038_009","Renter occupied households who moved in 1990 to 1999 (count)","Percent of renter occupied households who moved in 1990 to 1999 (proportion of all renter occupied housing",TRUE,"2012-2018"
"258",957,"B25038_015","renter_occ_moved_in_1989_earlier","B25038_009","Renter occupied households who moved in 1989 or earlier (count)","Percent of renter occupied households who moved in 1989 or earlier (proportion of all renter ocuppied households)",TRUE,"2012-2018"
"259",958,"B25043_001","total_occupied_housing_units_tele","","Occupied housing units, telephone determined (count)","",TRUE,"2012-2018"
"260",959,"B25043_002","total_owner_occupied_housing_tele","B25043_001","Owner occupied housing units, telephone determined (count)","Percent of owner occupied housing units, telephone determined (proportion of all occupied housing units, tenure determined)",TRUE,"2012-2018"
"261",960,"B25043_007","no_phone_owner","B25043_002","Owner occupied households without a telephone (count)","Percent of households without a telephone (proportion of all households)",TRUE,"2012-2018"
"262",961,"B25043_016","no_phone_renter","B25043_011","Renter occupied households without a telephone (count)","Percent of renter occupied households without a telephone (proportion of all households)",TRUE,"2012-2018"
"263",962,"B25044_001","occupied_housing_vehicle_determined","","Total occupied housing units, vehicles determined","",TRUE,"2012-2018"
"264",963,"B25044_002","total_owner_occ_housing_units_vehic","B25044_001","Owner occupied housing units, vehicles determined (count)","Percent of owner occupied housing units, vehicles determined (proportion of all households with vehicles determined)",TRUE,"2012-2018"
"265",964,"B25044_003","owner_no_vehicle","B25044_002","Owner occupied households with no vehicles available (count)","Percent of owner occupied households with no vehicle available (Porportion out of all owner occupied households)",TRUE,"2012-2018"
"266",965,"B25044_009","total_renter_occ_vehicles","B25044_001","Total renter occupied households, vehicles determined (count)","Percent of renter occupied housing units, vehicles determined (proportion of all households with vehicles determined)",TRUE,"2012-2018"
"267",966,"B25044_010","renter_no_vehicle","B25044_009","Renter occupied households with no vehicles available (count)","Percent of renter occupied households with no vehicle available (Proportion of all renter occupied households)",TRUE,"2012-2018"
"268",967,"B25064_001","median_rent","","Median monthly rent (dollars)","",FALSE,"2012-2018"
"269",968,"B25070_010","renter_occupied_cost_50_or_more","B25070_001","Renter-occupied households with rental costs 50% or more of income","Percent of renter-occupied households with rental costs 50% or more of income (proportion of all renter-occupied units)",TRUE,"2012-2018"
"270",969,"B25077_001","med_home_val","","Median Home value (dollars)","",FALSE,"2012-2018"
"271",970,"B25088_002","median_mortgage","","Median monthly housing costs for housing units with a mortgage (dollars)","",FALSE,"2012-2018"
"272",971,"B25091_001","owner_occupied","","owner-occupied housing units","",TRUE,"2012-2018"
"273",972,"B25091_002","owner_occ_w_mortgage","B25091_001","Owner-occupied housing units with a mortgage (count)","Percent of owner-occupied housing units with a mortgage (proportion of all owner-occupied housing)",TRUE,"2012-2018"
"274",973,"B25091_011","owner_occupied_w_mortgage_cost_50_or_more","B25091_002","Owner-occupied households with a mortgate & with rental costs 50% or more of income","Percent of owner-occupied households with a mortgage and with rental costs 50% or more of income (proportion of all renter-occupied units)",TRUE,"2012-2018"
"275",974,"B25091_013","owner_occ_wo_mortgage","B25091_001","Owner-occupied housing units without a mortgage (count)","Percent of owner-occupied housing units without a mortgage (proportion of all owner-occupied housing)",TRUE,"2012-2018"
"276",975,"B25091_022","owner_occ_wo_mortgage_cost_50_or_more","B25091_013","Owner-occupied households without a mortgate & with rental costs 50% or more of income","Percent of owner-occupied households without a mortgage and with rental costs 50% or more of income (proportion of all renter-occupied units)",TRUE,"2012-2018"
"277",976,"B25129_001","total_occupied_housing_year","","Occupied housing units, year determined (count)","",TRUE,"2012-2018"
"278",977,"B25129_002","total_owner_occ_housing_year","B25129_001","Owner occupied housing units, tenure determined (count)","Percent of owner occupied housing units, tenure determined (proportion of all occupied housing units, tenure determined)",TRUE,"2012-2018"
"279",978,"B25129_003","owner_occupied_recent_move","B25129_002","Owner occupied housing with residents who recently moved in (2015 or later; count)","Percent of owner occupied housing with residents who recently moved in (Proportion of all owner occupied housing)",TRUE,"2012-2018"
"280",979,"B25129_038","total_renter_occ_housing_year","B25129_001","Total renter occupied units, tenure determined (count)","Percent of renter occupied units, tenure determined (proportion of all occupied units, tenure determined)",TRUE,"2012-2018"
"281",980,"B25129_039","renter_occupied_recent_move","B25129_038","Renter occupied housing with residents who recently moved in (2015 or later; count)","Percent of renter occupied housing with residents who recently moved in (proportion of all renter occupied housing)",TRUE,"2012-2018"
"282",981,"B26001_001","group_quarters","","Persons in group a quarters (count)","",TRUE,"2012-2018"
"283",982,"C24030_002","males_16_older_workforce","","Males 16 and older in the workforce (count)","",TRUE,"2012-2018"
"284",983,"C24030_018","males_in_professional_occup","C24030_002","Males 16 and older in a Professional, Scientific, or Technical occupations (count)","Percent of males 16 and older in a Professional, Scientific, And Technical occupation (proportion of all residents 16 and older)",TRUE,"2012-2018"
"285",984,"C24030_019","males_in_management","C24030_002","Males 16 and older in a management, business, science, or arts occupation (count)","Percent of males 16 and older in a management, business, science, or arts occupation (proportion of all residents 16 and older)",TRUE,"2012-2018"
"286",985,"C24030_029","females_16_older_workforce","","Females 16 and older in the workforce","",TRUE,"2012-2018"
"287",986,"C24030_045","females_in_professional_occup","C24030_029","Females 16 and older in a Professional, Scientific, or Technical occupations (count)","Percent of females 16 and older in a Professional, Scientific, And Technical occupation (proportion of all residents 16 and older)",TRUE,"2012-2018"
"288",987,"C24030_046","females_in_management","C24030_029","Females 16 and older in a management, business, science, or arts occupation (count)","Percent of females 16 and older in a management, business, science, or arts occupation (proportion of all residents 16 and older)",TRUE,"2012-2018"
"289",988,"C24060_001","employed_pop_16_above","","Civilian employed population 16 and older (count)","",TRUE,"2012-2018"
"290",989,"C24060_002","mgmt_busi_sci_arts_occup","C24060_001","Residents 16 and older in a management, business, science, or arts occupation (count)","Percent of residents 16 and older in a management, business, science, or arts occupation (proportion of all residents 16 and older)",TRUE,"2012-2018"
"291",990,"B23001_002","total_males_16_over_labor_force_det","","Total males 16 and older, labor force involvement determined (count)","",TRUE,"2012-2018"
"292",991,"B23001_003","males_16_19","B23001_002","Total males 16 to 19 years old (count)","Percent of males ages 16 to 19 (proportion of all males 16 and older)",TRUE,"2012-2018"
"293",992,"B23001_008","males_16_19_unemployed","B23001_003","Total males 16 to 19 who are unemployed (count)","Percent of males 16 to 19 who are unemployed (Proportion of males 16 to 19 years and older)",TRUE,"2012-2018"
"294",993,"B23001_009","males_16_19_not_in_labor_force","B23001_003","Total males ages 16 to 19 not in the labor force (count)","Percent of total males not in the labor force (proportion of males ages 16 to 19)",TRUE,"2012-2018"
"295",994,"B23001_010","males_20_21","B23001_002","Total males 20 and 21 (count)","Percent of males 20 and 21 (proportion of all males ages 16 and older)",TRUE,"2012-2018"
"296",995,"B23001_015","males_20_21_unemployed","B23001_010","Total males 20 to 21 who are unemployed (count)","Males 20 to 21 who are unemployed (Proportion of males 20 to 21 years old)",TRUE,"2012-2018"
"297",996,"B23001_016","males_20_21_not_in_labor_force","B23001_010","Total males ages 20 to 21 not in the labor force (count)","Percent of total males not in the labor force (proportion of males ages 20 to 21 with labor force determined)",TRUE,"2012-2018"
"298",997,"B23001_017","males_22_24","B23001_002","Total males 22 to 24 (count)","Percent of total males ages 22 through 24 (proportion of all males ages 16 and older)",TRUE,"2012-2018"
"299",998,"B23001_022","males_22_24_unemployed","B23001_017","Total males 22 to 24 who are unemployed (count)","Percent of males 22 to 24 who are unemployed (Proportion of all males ages 22 to 24)",TRUE,"2012-2018"
"300",999,"B23001_023","males_22_24_not_in_labor_force","B23001_017","Total males ages 22 to 24 not in the labor force (count)","Percent of total males not in the labor force (proportion of males ages 22 to 24 with labor force determined)",TRUE,"2012-2018"
"301",1000,"B23001_024","males_25_29","B23001_002","Total males ages 25 throuth 29","Percent of total males ages 25 through 29 (proportion of lal males ages 16 and older)",TRUE,"2012-2018"
"302",1001,"B23001_029","males_25_29_unemployed","B23001_024","Total males 25 to 29 who are unemployed (count)","Percent of males 25 to 29 who are unemployed (Proportion of all males ages 25 to 29)",TRUE,"2012-2018"
"303",1002,"B23001_030","males_25_29_not_in_labor_force","B23001_024","Total males ages 25 to 29 not in the labor force (count)","Percent of total males not in the labor force (proportion of males ages 25 to 29 with labor force determined)",TRUE,"2012-2018"
"304",1003,"B23001_031","males_30_34","B23001_002","Total males ages 30 to 34 (count)","Percent of total males ages 30 to 34 (proportion of all males ages 16 and older)",TRUE,"2012-2018"
"305",1004,"B23001_036","males_30_34_unemployed","B23001_031","Total males 30 to 34 who are unemployed (count)","Percent of males 30 to 34 who are unemployed (Proportion of all males ages 30 to 34)",TRUE,"2012-2018"
"306",1005,"B23001_037","males_30_34_not_in_labor_force","B23001_031","Total males ages 30 to 34 not in the labor force (count)","Percent of total males not in the labor force (proportion of males ages 033 to 34 with labor force determined)",TRUE,"2012-2018"
"307",1006,"B23001_038","males_35_44","B23001_002","Total males ages 35 to 44 (count)","Percent of total males ages 35 to 44 (proportion of all males ages 16 and older)",TRUE,"2012-2018"
"308",1007,"B23001_043","males_35_44_unemployed","B23001_038","Total males 35 to 44 who are unemployed (count)","Percent of males 35 to 44 who are unemployed (Proportion of all males ages 35 to 44)",TRUE,"2012-2018"
"309",1008,"B23001_044","males_35_44_not_in_labor_force","B23001_038","Total males ages 35 to 44 not in the labor force (count)","Percent of total males not in the labor force (proportion of males ages 35 to 44 with labor force determined)",TRUE,"2012-2018"
"310",1009,"B23001_045","males_45_54","B23001_002","Total males ages 45 to 54 (count)","Percent of total males ages 45 to 54 (proportion of al males ages 16 and older)",TRUE,"2012-2018"
"311",1010,"B23001_050","males_45_54_unemployed","B23001_045","Total males 45 to 54 who are unemployed (count)","Percent of males 45 to 54 who are unemployed (Proportion of all males ages 45 to 54)",TRUE,"2012-2018"
"312",1011,"B23001_051","males_45_54_not_in_labor_force","B23001_045","Total males ages 45 to 54 not in the labor force (count)","Percent of total males not in the labor force (proportion of males ages 45 to 54 with labor force determined)",TRUE,"2012-2018"
"313",1012,"B23001_052","males_55_59","B23001_002","Total males ages 55 to 59 (count)","Percent of total males ages 55 to 59 (proportion of all males ages 16 and older)",TRUE,"2012-2018"
"314",1013,"B23001_057","males_55_59_unemployed","B23001_052","Total males 55 to 59 who are unemployed (count)","Percent of males 55 to 59 who are unemployed (Proportion of all males ages 55 to 59",TRUE,"2012-2018"
"315",1014,"B23001_058","males_55_59_not_in_labor_force","B23001_052","Total males ages 55 to 59 not in the labor force (count)","Percent of total males not in the labor force (proportion of males ages 55 to 59 with labor force determined)",TRUE,"2012-2018"
"316",1015,"B23001_059","males_60_61","B23001_002","Total males ages 60 to 61 (count)","Percent of total males ages 60 and 61 (proportion of all males ages 16 and oldre)",TRUE,"2012-2018"
"317",1016,"B23001_064","males_60_61_unemployed","B23001_059","Total males 60 to 61 who are unemployed (count)","Percent of males 60 to 61 who are unemployed (Proportion of all males ages 60 to 61)",TRUE,"2012-2018"
"318",1017,"B23001_065","males_60_61_not_in_labor_force","B23001_059","Total males ages 60 to 61 not in the labor force (count)","Percent of total males not in the labor force (proportion of males ages 60 to 61 with labor force determined)",TRUE,"2012-2018"
"319",1018,"B23001_066","males_62_64","B23001_002","Total males ages 62 to 64 (count)","Percent of total males ages 62 to 64 (proportion of all males ages 16 and older)",TRUE,"2012-2018"
"320",1019,"B23001_071","males_62_64_unemployed","B23001_066","Total males 62 to 64 who are unemployed (count)","Percent of males 62 to 64 who are unemployed (Proportion of males ages 62 to 64)",TRUE,"2012-2018"
"321",1020,"B23001_072","males_62_64_not_in_labor_force","B23001_066","Total males ages 62 to 64 not in the labor force (count)","Percent of total males not in the labor force (proportion of males ages 62 to 64 with labor force determined)",TRUE,"2012-2018"
"322",1021,"B23001_073","males_65_69","B23001_002","Total males ages 65 to 69 (count)","Percent of total males ages 65 to 69 (proportion of all males ages 16 and older)",TRUE,"2012-2018"
"323",1022,"B23001_076","males_65_69_unemployed","B23001_073","Total males 65 to 69 who are unemployed (count)","Percent of males 65 to 69 who are unemployed (Proportion of males ages 65 to 69)",TRUE,"2012-2018"
"324",1023,"B23001_077","males_65_69_not_in_labor_force","B23001_073","Total males ages 65 to 69 not in the labor force (count)","Percent of total males not in the labor force (proportion of males ages 65 to 69 with labor force determined)",TRUE,"2012-2018"
"325",1024,"B23001_078","males_70_74","B23001_002","Total males ages 70 to 74 (count)","Percent of total males ages 70 to 74 (proportion of all males ages 16 and older)",TRUE,"2012-2018"
"326",1025,"B23001_081","males_70_74_unemployed","B23001_078","Total males 70 to 74 who are unemployed (count)","Total males 70 to 74 who are unemployed (Proportion of malesa ges 70 to 64",TRUE,"2012-2018"
"327",1026,"B23001_082","males_70_74_not_in_labor_force","B23001_078","Total males ages 70 to 74 not in the labor force (count)","Percent of total males not in the labor force (proportion of males ages 70 to 74 with labor force determined)",TRUE,"2012-2018"
"328",1027,"B23001_083","males_75_older","B23001_002","Total males ages 75 and older (count)","Percent of total males ages 75 and older (proportion of all males ages 16 and older)",TRUE,"2012-2018"
"329",1028,"B23001_086","males_75_unemployed","B23001_001","Total males 75 and older who are unemployed (count)","Precent of males 75 and older who are unemployed (Proportion of males ages 75 and older)",TRUE,"2012-2018"
"330",1029,"B23001_087","males_75_older_not_in_labor_force","B23001_083","Total males ages 75 and older not in the labor force (count)","Percent of total males not in the labor force (proportion of males ages 75 and older with labor force determined)",TRUE,"2012-2018"
"331",1030,"B23001_088","total_females_16_over_labor_force_det","B23001_001","Total females ages 16 and older (count)","Percent of females ages 16 and older (proportion of all residents ages 16 and older)",TRUE,"2012-2018"
"332",1031,"B23001_089","females_16_19","B23001_088","Total females ages 16 to 19 (count)","Percent of females ages 16 to 19 (proportion of all females ages 16 and older)",TRUE,"2012-2018"
"333",1032,"B23001_094","females_16_19_unemployed","B23001_089","Total females 16 to 19 who are unemployed (count)","Percent of females 16 to 19 who are unemployed (Proportion of females ages 16 to 19)",TRUE,"2012-2018"
"334",1033,"B23001_095","females_16_19_not_in_labor_force","B23001_089","Total females ages 16 to 19 who are not in the labor force (count)","Percent of females ages 16 to 19 who are not in the labor force (proportion of all females ages 16 to 19)",TRUE,"2012-2018"
"335",1034,"B23001_096","females_20_21","B23001_002","Total females ages 20 to 21 (count)","Percent of females ages 20 and 21 (proportion of all females ages 16 and older)",TRUE,"2012-2018"
"336",1035,"B23001_101","females_20_21_unemployed","B23001_096","Total females 20 to 21 who are unemployed (count)","Percent of females 20 to 21 who are unemployed (Proportion of females ages 20 to 21)",TRUE,"2012-2018"
"337",1036,"B23001_102","females_20_21_not_in_labor_force","B23001_096","Total females ages 21 and 21 who are not in the labor force (count)","Percent of females ages 20 and 21 who are not in the labor force (proportion of all females ages 20 and 21)",TRUE,"2012-2018"
"338",1037,"B23001_103","females_22_24","B23001_088","Total females ages 22 to 24 (count)","Percent of females ages 22 through 24 (proportion of all females ages 16 and older)",TRUE,"2012-2018"
"339",1038,"B23001_108","females_22_24_unemployed","B23001_103","Total females 22 to 24 who are unemployed (count)","Percent of females 22 to 24 who are unemployed (Proportion of females ages 22 to 24)",TRUE,"2012-2018"
"340",1039,"B23001_109","females_22_24_not_in_labor_force","B23001_103","Total females ages 22 to 24 who are not in the labor force (count)","Percent of females ages 22 to 24 who are not in the labor force (percent of all females ages 22 to 24)",TRUE,"2012-2018"
"341",1040,"B23001_110","females_25_29","B23001_088","Total females ages 25 to 29 (count)","Percent of females ages 25 to 29 (proportion of all females ages 25 to 29)",TRUE,"2012-2018"
"342",1041,"B23001_115","females_25_29_unemployed","B23001_110","Total females 25 to 29 who are unemployed (count)","Percent of females 25 to 29 who are unemployed (Proportion of females 16 years and older)",TRUE,"2012-2018"
"343",1042,"B23001_116","females_25_29_not_in_labor_force","B23001_110","Total females ages 25 to 29 who are not in the labor force (count)","Percent of females ages 25 to 29 who are no in the labor force (proportion of all females ages 25 to 29)",TRUE,"2012-2018"
"344",1043,"B23001_117","females_30_34","B23001_088","Total females ages 30 to 34 (count)","Percent of females ages 30 to 34 (proportion of all females ages 16 and older)",TRUE,"2012-2018"
"345",1044,"B23001_122","females_30_34_unemployed","B23001_117","Total females 30 to 34 who are unemployed (count)","Percent of females 30 to 34 who are unemployed (Proportion of females 16 years and older)",TRUE,"2012-2018"
"346",1045,"B23001_123","females_30_34_not_in_labor_force","B23001_117","Total females ages 30 to 34 who are not in the labor force (count)","Percent of females ages 30 to 34 who are not in the labor force (proportion of all females ages 30 to 34)",TRUE,"2012-2018"
"347",1046,"B23001_124","females_35_44","B23001_088","Total females ages 35 to 44 (count)","Percent of females ages 35 to 44 (proportion of all females ages 35 to 44)",TRUE,"2012-2018"
"348",1047,"B23001_129","females_35_44_unemployed","B23001_124","Total females 35 to 44 who are unemployed (count)","Percent of females 35 to 44 who are unemployed (Proportion of females 16 years and older)",TRUE,"2012-2018"
"349",1048,"B23001_130","females_35_44_not_in_labor_force","B23001_124","Total females ages 35 to 44 who are not in the labor force (count)","Percent of females ages 35 to 44 who are not in the labor force (proportion of all females ages 35 to 44)",TRUE,"2012-2018"
"350",1049,"B23001_131","females_45_54","B23001_088","Total females ages 45 to 54 (count)","Percent of females ages 45 to 54 (proportion of all females ages 16 and older)",TRUE,"2012-2018"
"351",1050,"B23001_136","females_45_54_unemployed","B23001_131","Total females 45 to 54 who are unemployed (count)","Percent of females 45 to 54 who are unemployed (Proportion of females ages 45 to 54)",TRUE,"2012-2018"
"352",1051,"B23001_137","females_45_54_not_in_labor_force","B23001_131","Total females ages 45 to 54 who are not in the labor force (count)","Percent of females ages 45 to 54 who are not in the labor force (percent of all females ages 45 to 54)",TRUE,"2012-2018"
"353",1052,"B23001_138","females_55_59","B23001_088","Total females ages 55 to 59 (count)","Percent of females ages 55 to 59 (proportion of all females ages 16 and older)",TRUE,"2012-2018"
"354",1053,"B23001_143","females_55_59_unemployed","B23001_138","Total females 55 to 59 who are unemployed (count)","Percent of females 55 to 59 who are unemployed (Proportion of females ages 55 to 59)",TRUE,"2012-2018"
"355",1054,"B23001_144","females_55_59_not_in_labor_force","B23001_138","Total females ages 55 to 59 who are not in the labor force (count)","Percent of females ages 55 to 59 who are no in th labor force (proportion of all females ages 55 to 59)",TRUE,"2012-2018"
"356",1055,"B23001_145","females_60_61","B23001_088","Total females ages 60 to 61 (count)","Percent of females ages 60 to 61 (proportion of all females ages 16 and older)",TRUE,"2012-2018"
"357",1056,"B23001_150","females_60_61_unemployed","B23001_145","Total females 60 to 61 who are unemployed (count)","Percent of females 60 to 61 who are unemployed (Proportion of females 16 years and older)",TRUE,"2012-2018"
"358",1057,"B23001_151","females_60_61_not_in_labor_force","B23001_145","Total females ages 60 to 61 who are not in the labor force (count)","Percent of females ages 60 to 61 who are not in the labor force (proportion of all females ages 60 to 61)",TRUE,"2012-2018"
"359",1058,"B23001_152","females_62_64","B23001_088","Total females ages 62 to 64 (count)","Percent of females ages 62 to 64 (proportion of all females ages 16 and older)",TRUE,"2012-2018"
"360",1059,"B23001_157","females_62_64_unemployed","B23001_152","Total females 62 to 64 who are unemployed (count)","Percent of females 62 to 64 who are unemployed (Proportion of females ages 62 to 64)",TRUE,"2012-2018"
"361",1060,"B23001_158","females_62_64_not_in_labor_force","B23001_152","Total females ages 62 to 64 who are not in the labor force (count)","Percent of females ages 62 to 64 who are not in the labor force (proportion of all women ages 62 to 64)",TRUE,"2012-2018"
"362",1061,"B23001_159","females_65_69","B23001_088","Total females ages 65 to 69 (count)","Percent of females ages 65 to 69 (proportion of all females age 16 and older)",TRUE,"2012-2018"
"363",1062,"B23001_162","females_65_69_unemployed","B23001_159","Total females 65 to 69 who are unemployed (count)","Percent of females 65 to 69 who are unemployed (Proportion of females ages 65 to 69)",TRUE,"2012-2018"
"364",1063,"B23001_163","females_65_69_not_in_labor_force","B23001_159","Total females ages 65 to 69 who are not in the labor force (count)","Percent of females ages 65 to 69 who are not in the labor force (proportion of all females ages 65 to 69)",TRUE,"2012-2018"
"365",1064,"B23001_164","females_70_74","B23001_088","Total females ages 70 to 74 (count)","Percent of females ages 70 to 74 (proportion of all female ages 16 and older)",TRUE,"2012-2018"
"366",1065,"B23001_167","females_70_74_unemployed","B23001_167","Total females 70 to 74 who are unemployed (count)","Percent of females 70 to 74 who are unemployed (Proportion of females ages 70 to 74)",TRUE,"2012-2018"
"367",1066,"B23001_168","females_70_74_not_in_labor_force","B23001_167","Total females ages 70 to 74 who are not in the labor force (count)","Percent of females ages 70 to 74 who are no in the labor force (proportion of all females ages 70 to 74)",TRUE,"2012-2018"
"368",1067,"B23001_169","females_75_older_employment_determined","B23001_088","Total females age 75 and older (count)","Percent of females ages 75 and older (proportion of all females age 16 and older)",TRUE,"2012-2018"
"369",1068,"B23001_172","females_75_unemployed","B23001_169","Females 75 and older who are unemployed (count)","Percent of females 75 and older who are unemployed (Proportion of all females 75 years and older",TRUE,"2012-2018"
"370",1069,"B23001_173","females_75_not_in_labor_force","B23001_169","Total females 75 and older who are not in the labor force (count)","Percent of females 75 and older who are not in the labor force (proportion of all females ages 75 and older)",TRUE,"2012-2018"
